Category,Sentiment,Aggregated_Tweets
ARDX,Negative,"$AMRC
-UBS downgrades Ameresco to Sell from Buy
Lowers price target to $8 from $37
-
$APLS
-JPMorgan raises Apellis Pharmaceuticals target to $54 from $50
Overweight
-
$ARDX
-BTIG initiates Ardelyx coverage at Buy
$14 target
-"
ARDX,Neutral,"$ARDX NEEDS VOLUME!! Sold my entire stake in $ARDX to buy more $SGMO. Asymmetric bet likely to outperform Ardelyx in the very short term. Today we announced our participation in three upcoming investor conferences: Leerink Partners 2025 Global Healthcare Conference, 
@Jefferies
 Biotech on the Beach Summit and 
@Barclays
 27th Annual Global Healthcare Conference. 
Learn more: https://bit.ly/3D3LoML $ARDX $ARDX $ARDX initiated with a Buy at BTIG. PT $14"
ARDX,Positive,"$ARDX @ TDC began w/ Ibsrela
>6M IBSC scripts/yr
- $240M-$250M FY 25 (->) $1B/yr
- 32% seq growth Q3-Q4 as sales team filled
Xphozah launched Nov '24 hyperphosphatemia
70% ESRD patients > range over any 6mo period
no near-term guidance, LT >$750M/yr
Europe, ROW upside for both $ARDX
Lennie_D from STs for the win: $ARDX - when a very smart and very wealthy insider buys stock EVERY TIME it gets to $5 maybe you should pay attention.  
BTW Chinese revs assuming Rx cost based on the average 2023 Chinese National Reimbursement Drug List (NRDL) negotiated pricing would equate to $80mm at 5% mkt BTIG $ARDX Buy-$14, say ""we highlight the recent pullback in $ARDX shares post-earnings as an attractive entry point, as Ibsrela and Xphozah continue to build momentum in large market opportunities ($1.75B peak sales potential, combined) both with no 2L competition, supporting $ARDX  part2  average valuation presents ""an attractive entry point"" as Ibsrela and Xphozah continue to build momentum in large market opportunities, where the firm sees $1.75B peak sales potential, combined, the analyst tells investors. $1B peak Ibsrela net sales guidance ""looks 2025-02-26 pre-market gainer:
$ARDX:ARDX receives $5M milestone payment after Tenapanor's approval in China, signaling potential market expansion and revenue growth in the pharmaceutical sector. $ARDX Lovely little $14 set by BTIG.
Have to put respect put on $ARDX's name now.
TD Cowen presentation was just fantastic. So true what they were saying : 
""We discovered, developed, got approved and commercialized 2 drugs. And we've $250mill in the bank.""
Onwards & upwards. $ARDX $BABA $WMT $U $LKNCY
Feel free to follow me for pre-market and after-hours movers every day.
PRE-MARKET MOVERS:
Currently Higher After Earnings:
-- SpringWorks Therapeutics (SWTX) up 10.2%
-- Shake Shack (SHAK) up 13.5%
-- Unity (U) up 7.6%
-- Hasbro (HAS) up 3.2%
-- C-SPAN carried the confirmation hearing for Dr Oz for Secretary of CMS, Medicare and Medicaid. He was awesome. Even spoke about how valuable CRSPR technology is and how if confirmed he will do away with the bs bundle pricing practice that fucked $ARDX!!! $ARDX TAKE A CLOSE LOOK. Judge Howell BLOCKED people on Medicare/Medicaid  (affected Blacks & Minorities disproportionately) from getting the best & Latest kidney care on her ruling For the US Gov‚Äôt CORRUPT  CMS.
It was a cost-neutral decision that STOPPED  CMS from paying for Happy Weekend to my fellow $VKTX, $ARDX, $ROOT & $BB longs.
One of my favourite squares here in Barcelona. A hidden one that tourists don't know about 
Monday brings March. March brings Spring.

Spring is the reward for hope during winter.

I've a good feeling about March $ARDX BTIG initiates Ardelyx with a Buy, sees attractive entry point after pullback

BTIG analyst Julian Harrison initiated coverage of Ardelyx with a Buy rating and $14 price target. The recent pullback in shares post-earnings presents ""an attractive entry point"" as Ibsrela and Jefferies reit'd $ARDX Buy/$11, says MGMT is confident it can navigate the various Xphozah dynamics going into '25/r optimistic underlying pt demand should grow‚ÄîJefferies also flags the CMS litigation isn't completely over, plus it is confident stock can rebound once in '25:  x.com/Quantumup1/sta‚Ä¶ Big notable flow on $ARDX accumulated over the past few months. Great monthly/quarterly look. $ARDX Jan 2026 $15 calls @.15 $ARDX - I can't wait to see how many shares David Mott has bought since Earnings and Wan Ti Le Approval $ARDX Ardelyx reports Q4 EPS 2c, consensus 0c

Reports Q4 revenue $116.13M, consensus $111.16M. ""Ardelyx enters 2025 in a position of strength, evidenced by significant year-over-year revenue growth for IBSRELA in 2024 and a strong first full year of XPHOZAH commercialization, Earnings summary $ARDX (2025-02-20):
Ardelyx's Q4 and FY2024 earnings call highlighted strong performance for IBSRELA and XPHOZAH.  IBSRELA saw 32% QoQ growth, fueled by sales team expansion.  XPHOZAH, despite CMS reimbursement changes, maintained patient access via a patient"
DKNG,Negative,"$DKNG - well at least the holders who did not take advantage of the rally can find solace in that the stock is still above where 
@GazipuraMo
 dumped at. If you sold #DKNG today, just be aware that my team and I are on a mission to make you regret that decision more than any other decision you‚Äôve ever made in your life $DKNG 
I blocked a lot of people today.  It‚Äôs not personal.
I just come here to talk DKNG and consume DKNG news/information.

Have seen some strange arguments and personal attacks and shit.  Distracts me from why I‚Äôm on the board.

Been a crazy month I don‚Äôt see this trend stopping anytime soon $DKNG $DKNG 6mos. Heading into March Madness, hanging at the 6 month low. Just cleared through that massive vol shelf. Below all ma's. Watchlisted. Another reason to be bullish on $DKNG. 

1) Inflecting profitable in 2025 
2) Competition fading (market share war over) 

Another growth vector? Half (maybe more) of US betting still taking place w/ illegal offshore operators $DKNG 

For reference - we are still crushing every index YTD. $DKNG Get this to $28 so I can load and forget for 5 years. 

Then look one day at $150"
DKNG,Neutral,"$DKNG Hey 
@Kalshi
  there‚Äôs a new sheriff in town. ‚ÄòDraftKings Predict‚Äô registered with National Futures Association   
 https://next.io/news/betting/draftkings-predict-registered-national-futures-association/‚Ä¶
$DKNG Benchmark maintains #DraftKings  $DKNG at Buy and raises the price target from $44 to My portfolio Stock predictions EOY
$SMCI. $85
$HOOD. $70
$TSLA. $400
$MU. $130
$DKNG. $65 Tomorrow's list 
$TSLA 
$TSM 
$AMD 
$CRWD 
$ALAB 
$MDB 
$NET 
$SNOW 
$AXON Who else is down 40% in the past two months? 
$DKNG $SG $AMZN $TSLA $HOOD $SHOP Trimmed/rolled some of our puts and added to calls on $dkng $czr $hood $DKNG sell-off seems overdone here"
DKNG,Positive,"$HIMS has a huge short float. 
When it bounces it‚Äôll be huge. I‚Äôve been waiting for $28 to get back in for a trade. 
Pay close attention to volume in order to time the bounce. 
$SOFI $TSLA $HOOD $DKNG $SPY #Meridianbet New analyst targets range from $3.03 to $4.20 a share. Avg is an increase of 75.86%. Insiders buys over $23 million since acquisition. 
@StudiosExpanse
 + 700% YOY. $EVO #1 Lg-Cap $GMGI #1 Sm-Cap.
$DKNG $PENN $FLUT $BRAG $MGM $CZR $RSI $GAMB Q42024, even with a weak NFL season for books,  #fanduel achieved profitability from its day to day operation, not the case for $DKNG. 
@fanduel
 Net revenue was $218 million higher then #DraftKings 2025 guidance represents 33% increase in NR and 176% EBITA. 
@stevebrubaker $DKNG started a new position today, chart looks pretty good, and just a month ago the company increased guidance. Recent comments from conference were very bullish. I expect this to rebound very quickly with market recovery. Five of the ten most popular sports betting sites across the US are offshore operators, per a Blask/Next Io study; the combined offshore US market is roughly twice the size of the legal market, the research found Lil Global Defense play #Meridianbet 39 yrs investing & this is most positive I have been for an off-radar SmCap. 28 yrs growth w/zero borrowed $. My next 1-10x. Adoptive AI tech, watch 4 earnings
https://youtube.com/watch?v=9THBUgRJN54‚Ä¶
DKNG,Guess how I‚Äôm feeling‚Ä¶  I like $dkng
I look for continued growth in sports betting markets 
I also expect relaxed regulations over time
feels like a good one  nfa $DKNG 
 CEO Robins: ""We are ahead of growth targets""
Butler Portfolio 3/10/25
Top positions: $MELI $NVDA $TSLA $NU $SOFI $DLO $AMZN $TMDX $AMD $SNOW $DKNG $CRWD $META $UBER $COIN $DDOG $ASPN $CELH $PLTR $OUST
Performance YTD: -14.79% Happy belated anniversary to my favorite gambling tweet of all-time.  My only regret is that 
@Vanguard_Group
 doesn‚Äôt offer an All-World, ex- $DKNG index fund. Best discord group over 180 k members and even have their own app join here 
https://discord.gg/edVmEm7tVH
$FB $BABA $BIDU $BA $TWTR $PINS $TLRY $HEXO $ACB $FDX $DKNG $DKNG
Call 45.0
3/20/2026
Premium: $467.0K 
Abu Laith AiBotPost
ŸÖÿ™ÿ£ÿÆÿ±ÿ© - ŸÑŸÑŸÖÿ®ÿßÿ¥ÿ± ÿ•ŸÜÿ∂ŸÖ ÿ•ŸÑŸâ ŸÇŸÜÿßÿ© ÿßŸÑÿ™ŸäŸÑŸäÿ¨ÿ±ÿßŸÖ 
Delayed - for live feed join our telegram Stock Market Feeling Heavy Today, Trying to Absorb Tariffs, Ukraine, etc. 
$NVDA $MRVL $AVGO $CORZ $NFLX $PLTR $TSLA $SMCI $SOFI $HOOD $RIOT $AMZN $MSTR $AMD $GRAB $RIVN $RKLB $SBUX $HIMS $PTON $SNOW $ETSY $RDDT $DKNG $SPOT $ABNB Start trading 6 months ago and made 5 k to $49 k Big thanks to this community
https://discord.gg/edVmEm7tVH
$BYND $USEG $SHOP $DKNG $MU $NOVS $MYOV $APDN $MXC $BZUN $SPY $DKNG CEO Robins at Morgan Stanley conference: ""We are ahead of growth targets"" $DKNG CEO 
@JasonDRobins
 at MS conf:
- Customer acquisition ""not letting up""
- Improving margins thru parlay adoption
- Competitors fading (see $PENN call. ESPN Bet likely done next year)
- Live betting = huge opp (half of volume now)
Meaningful discount to FV, per Morningstar. How long until $DKNG offers 0dte $SPY trading on their app? 

Lol"
ELF,Negative,"NJ is ruined  NJ appears now exactly like Ireland ran by the mid east kings 
$QQQ $DOW $IWM $SPY $SPX $VIX $BTC $MSFT $META $PLTR $TSLA $SOFI $BTC $HIMS $FUBO $MPW $ELF $NVDA $TSLA $MDB $AAPL $GME $AMC $MSTR $INTC $MRVL $ESTC $NU $INND $BNRG $ULTA $PLUG Stocks that are the biggest steal deals in this market:
$NVDA
$ELF
$PYPL
$HIMS
$OSCR
$SOFI
$NU Stocks I‚Äôm adding aggressively this month:
$HIMS $AMD $CELH $ELF No no NOOOO the cougars should NOT be anywhere near your wheelhouse they should be in your doghouse!!!! Just chat them up convince them to wear more $ELF !! Tell them that their pulled skin needs even more makeup coverage to cover the saggy. Go after the Lynx young man aim high!!"
ELF,Neutral,"$GOOG & $ELF what are we doing down here? I put $ELF cosmetics in my wife‚Äôs $EL bottles.
She NEVER knew the difference.
I really skunked her.  
‚Äì Jim Cramer, Squawk on the Street $CRSH, $O, $MSTZ, $TMF, $UVXY, $ELF, $SOXS $ELF | ùêû.ùê•.ùêü. ùêÅùêûùêöùêÆùê≠ùê≤ (ELF): Piper Sandler ùê´ùêûùê¢ùê≠ùêûùê´ùêöùê≠ùêûùê¨ ùêéùêØùêûùê´ùê∞ùêûùê¢ùê†ùê°ùê≠, maintains ùêèùêì ùêöùê≠ $ùüèùüéùüê. 
Despite ùê¨ùêöùê•ùêûùê¨ ùêùùêûùêúùêûùê•ùêûùê´ùêöùê≠ùê¢ùê®ùêß, analysts see ùêÆùêßùê≠ùê´ùêöùêúùê§ùêûùêù ùêúùê°ùêöùêßùêßùêûùê•ùê¨ ùêöùê¨ ùêö ùê†ùê´ùê®ùê∞ùê≠ùê° ùê®ùêüùêüùê¨ùêûùê≠. $RDFN
$ELF
$DFH
$KNSL $ELF up 8% today so far. You buy $ELF The RUSSEL and 20 billion and under market cap stocks in general are set to outperform all the other indexes over the next year or two imo.
$SOFI $ELF $CELH $HIMS $ELF has been on a roller coaster the past month. 
Anyone eyeing it or thinking about buying? I'm personally DCA'ing into it. Did some $ELF DD this evening ‚Ä¶
‚ÄúIf we get a recession‚Ä¶ every girl is buying ELF‚Äù - blonde  
NFA $AAPL $BA $COIN $DAL $DIS $DDOG $ELF $F $GM $INTC  $IONQ $META $NNE $NVDA $PYPL $ROKU $SMCI $TSLA $XYZ $AMD will be a $500+ dollar stock
$SOFI will be a $40+ dollar stock
$CELH will be a $75+ dollar stock
$ELF will be a $175+ dollar stock
$PYPL will be a $150+ dollar stock DCA Friday: BUY
I‚Äôve added to several positions throughout this week
$TSLA | $NVO | $HIMS | $OSCR | $ELF Can‚Äôt wait for all my stocks ER‚Äôs
$AMD $HIMS $ELF $CELH $SOFI $PYPL $ELF | ùêû.ùê•.ùêü. ùêÅùêûùêöùêÆùê≠ùê≤ (ELF): DA Davidson ùê´ùêûùê¢ùê≠ùêûùê´ùêöùê≠ùêûùê¨ ùêçùêûùêÆùê≠ùê´ùêöùê•, maintains ùêèùêì ùêöùê≠ $ùüñùüé. 
Analysts flag ùê∞ùêûùêöùê§ ùêèùêéùêí ùê≠ùê´ùêûùêßùêùùê¨, potential ùêÖùêòùüêùüî ùê†ùêÆùê¢ùêùùêöùêßùêúùêû ùê´ùê¢ùê¨ùê§. My dip buying today included:
$AMD
$ELF
$EL
$CAKE
$MARA
$RKT
Small buys, I still have a lot of cash to buy more dips. $ELF: 2-2D cont to take the 3-2W hammer up, now sitting at the D gap above here.
 #theSTRAT $ELF Earnings from 5 weeks ago  $PLTR $AMD $AMZN $GOOGL $PYPL $UBER $F $SNAP $QCOM $SPOT $DIS $ARM $LLY $CMG $SYM $KD $PFE $ENPH $RBLX $ELF $REGN $NET $NVO $AFRM $AMSC $PEP $PTON $FTNT $COP $VKTX $RBB $CLX $DOC $SAIA $ORLY $RACE $NXPI $TSN $MCHP $AMGN $MRK $HSY $EL $PINS $EA $VCTR Just a bit of dip buys today:
$HIMS
$AMD
$SOFI
$ELF
$TSLA
$NKE
$TSM almost 5 bags now $ELF 67C Western Countries are Welfare States  
$QQQ $DOW $IWM $SPY $SPX $VIX $BTC $MSFT $META $PLTR $TSLA $SOFI $BTC $HIMS $FUBO $MPW $ELF $NVDA $TSLA $MDB $AAPL $GME $AMC $MSTR $INTC $MRVL $ESTC $NU $INND $BNRG $ULTA $VIX $SQQQ Ep. 448 - Nobody Sees THIS Coming‚Ä¶
 TODAY'S HOT STOCKS ‚Äî $IBM $DASH $RDDT $LLY $ELF $MCD $POWL $WSM $HOOD $TKO $WOLF $CELH $DWTX $CLSK $ICON $SPY $QQQ $VIX $TSLA $NVDA $COIN $DXCM $BTOG $VZ $AAPL $SUNE $TXRH $MPW $EAT $STSS $ELF: buy more @$70 Big up day for $ELF
Do you think it is the buybacks? $ELF has surged 8.63% to $76.78 #Monday Check it out on Yahoo Finance https://finance.yahoo.com/quote/ELF?p=ELF

$GOVX $INDP 

ELF,Stocks I bought this week:   $ELF is up over 9% today $ELF +6% ‚Ä¶"
ELF,Positive,"Yeah $TAO is solid but personally, I kinda prefer $ELF and $DEAI $ELF #ELF
I would honestly want this to 
absolutely make Mag 7 
look like a joke. 
If they announce manufacturing in the US this shit will probably pop $ELF is a solid play. Long history, real innovation. Smart move $ELF added 100 more shares at $66.365 so now up to HOLDING 700 shares at $75.82 avg. I am not crazy here I am adding, and will likely add more but as always you do you boo. Ulta higher after EPS beat by $1.33, revs in-line 
Big contrast to other beauty companies Coty $COTY, Elf Beauty $ELF, L'Oreal, which reported softer growth in U.S. mass beauty market.
But guides FY26 EPS below consensus, revs below consensus
$ULTA 334.00 +19.53 +(6.21%) AH $ELF acts like it wants to go lower. Lesson: $ELF $ANF 
Fundamentals look best at the top! Technicals lead fundamentals in growth stocks and the negative surprises and deceleration in EPS and Revenues often don't come until they are off 30-50%+ off highs. The $IWM (Russell 2000) is now just 4% away from being in a CRASH. What are your favorite small cap plays right now when buying the dip? Mine are $FUBO and $ELF (slightly in the mid-cap territory). $ELF lmao up 5% yesterday down 5% today. YouTube member request: $ELF
I feel like it's almost done with its ABC correction, although the C could end up being at the Ichimoku cloud which means it could go down to the mid to low 50's, and may not be a V-shape recovery and could take some time to recover.
With that said, If the base cases for my stocks play out then my portfolio will be up over 100% in 2 years.
$SOFI $ELF $PYPL $HIMS $AMD $CELH $ELF finally showing some love in a red day like today So $ELF is in play here?? Looks bottom ish to me ‚Ä¶ Be safe this weekend. 
$QQQ $DOW $IWM $SPY $SPX $VIX $BTC $MSFT $META $PLTR $TSLA $SOFI $BTC $HIMS $FUBO $MPW $ELF $NVDA $TSLA $MDB $AAPL $GME $AMC $MSTR $INTC $MRVL $ESTC $NU $INND $BNRG $ULTA $VIX I had a nice win today with $ENPH and $ELF.  How was your day fam? $ELF beauty
Needs to bounce soon. Still has a ways to go to reach the long-term trendline extension. new highs $ELF ALMOST 3 BAGS  on the 67c  now up 7.19%.
$elf sympathy play paying better then buying $ulta direct Good deals yes $HIMS $ELF $CELH $TMDX Loving this market man.
Never thought I‚Äôd be able to buy this many companies I love at these valuations.
Normally wouldn‚Äôt be buying as many new positions as I have but jeez.
3 new positions in the past 4 months!
$ELF $CELH $HIMS I have it on good authority from girls that $ELF is a buy here. lol Aelf ( $ELF )  
 What is #Aelf?  
Aelf (ELF) describes itself as an operating system for the blockchain. Just like Android for smartphones or Linux for computers, Aelf aims to become the go-to operating system for blockchain technology. Current operating systems do not Stocks I‚Äôm looking to Sell Options on next week (March 10-14):
Cash Secured Puts:
$NVDA below $108
$ELF below $65
$TMDX below $60
$ENPH below $61
$XYZ below $52
$HOOD below $40 America  is falling like Europe already has. Texas appears to be now ran by Pakistan  
$QQQ $DOW $IWM $SPY $SPX $VIX $BTC $MSFT $META $PLTR $TSLA $SOFI $BTC $HIMS $FUBO $MPW $ELF $NVDA $TSLA $MDB $AAPL $GME $AMC $MSTR $INTC $MRVL $ESTC $NU $INND $BNRG $ULTA So $ELF is in play here?? Looks bottom ish to me ‚Ä¶  x.com/investor_nick_‚Ä¶ $ELF added 300 shares more at $66.31 avg so now holding 600 shares at $77.40. Will continue to add up to 1000 shares on continued weakness. Really think this pummelling is unwarranted but hey that's just me. Let's see wot happens. x.com/mellowrk_lion/‚Ä¶ trade idea
$ELF 80c
looks like sellers starting to slowly take profits giving this room to the upside with great r/r
any close over 67, i feel comfortable assuming the risk and longing this. $ELF is looking very interesting at these levels When the bottom happens in the market over the next 1-2 months likely my stocks will rally huge.
$HIMS-$50
$SOFI-$16
$PYPL-$77
$CELH-$30
$AMD-$110
$ELF-$75 I‚Äôve talked about $ELF as one of the OG AI projects on Binance plenty of times, and today is the perfect time to dive into their latest product.
Seeing the potential of AI, $ELF has evolved into a full ecosystem and launched http://aevatar.ai - an AI framework designed to Eat Laugh Fart $ELF is not serious My daughter starts her investment career today with
1 share $ELF
1 share $ULTA
10 shares $ECC
$286.89 in cash
$794.51 in total. Will be interesting to see how well a 13 year old does with this. A win for the beauty industry! Double beat $ULTA 
$ELF $EL WOO HOO $ELF  sympathy play for $ulta earnings working up 250% on the  67c $ELF having 2 pretty big up days in a row is interesting.
Something is happening in that stock! Great choices, chief! 
Also here are my top 4: 
$ELF 
$MNT
$ARC
$TON My Top 7 stocks for Options Trading as of right now:
$NVDA / $NVDL
$TMDX
$ELF
$ENPH
$HIMS
$CELH
$SOFI Imma also choose $MNT, $DEAI, $ELF, $TON, $AVAX, $NEAR, $SOL, $NGU, $NPC and $Cocoro haha Let's see what finished in the top 10 of our HOT watchlist today:
$RDFN, $CCLD, $RVLV, $REGN, $NEE, $SNDK, $GO, $ELF, $APGE Top Stock Gainers And Losers Today by yahoo finance:

Top Gainers
$GAP Gap: +18.84%
$AKRBF Aker BP ASA: +12.46%
$LB LandBridge  LLC: +10.10%
$RGTI Rigetti Computing: +9.87%
$ELF e l f  Beauty: +9.72%

Top Losers 2) Consumer discretionary with a low cost advantage, I don‚Äôt believe we‚Äôre heading into a recession, but the consumer is definitely getting squeezed and becoming more price-conscious. In this environment, lower-cost companies should gain market share.

$CVNA, $ROOT, $ELF, $FTAI, Aelf ( $ELF ) - #Explainer

 What is #Aelf?  

Aelf (ELF) describes itself as an operating system for the blockchain. Just like Android for smartphones or Linux for computers, Aelf aims to become the go-to operating system for blockchain technology. Current operating systems $ELF weekly looks good for a pure technical bounce.

-Holding 786 fib at 63.58, potential double bottom to retest levels above 97 - 105
-If this area holds it looks like a good spot for some shares with a stop below last weeks low Final Sum

$ELF, $AMD, $CELH, $CAKE: four stocks with huge potential in 2025 and beyond.

Spec bonus: $HNST & $FUBO for those who want some high-upside lottery tickets.

GVD-123 approach keeps risk balanced while capturing massive upside. America  is falling like Europe already has 

$QQQ $DOW $IWM $SPY $SPX $VIX $BTC $MSFT $META $PLTR $TSLA $SOFI $BTC $HIMS $FUBO $MPW $ELF $NVDA $TSLA $MDB $AAPL $GME $AMC $MSTR $INTC $MRVL $ESTC $NU $INND $BNRG $ULTA"
HIMS,Negative,"lol. $HIMS is a fraud. ‚Äú I owned $HIMS $PLTR $APP and $GRRR ‚Äù ‚ÄúI‚Äôm down 50% in a month‚Äù‚Ä¶.Twitter wut do u think, should I sell now????!!!!!! Get fuqed soy shit‚Ä¶.sad and pathetic $HIMS is showing first sign of a bottom
Drop a comment if you want me to do a video on it tonight Those who missed out want $HIMS to drop to $30. $HIMS down >47% in the last month and negative points continue to come down the pipe
More to come. We press. Practical Technical Analysis in Under 10 Minutes: $HIMS

Third video update: We're holding at $36, a key level. A breakdown could drop us to $30 or $25. Alternatively, we might see a wedge pop, confirming a bottom."
HIMS,Neutral,"The rebound portfolio in building during this SALE: 
$AMD
$TSLA 
$SOFI 
$HOOD
$HIMS 
I believe the rallies will melt faces when we pump again Wondering if the $HIMS and $TALK bulls will now take a second look at $LFMD given the Q4 Results Mega Beat + 2025 Guide and cheap valuation...
Probably not but they should IMO... Looking at $HIMS up 2% pre-market. 
$40 today? $HIMS to $69 TODAY!!!! $HIMS $LMND $ASTS $FUBO $ABCL $HIMS is green $HIMS Revenue (2020-2025):
2020: $148M
2021: $271M
2022: $526M
2023: $872M
2024: $1.4B
2025: $2.3B - $2.4B

Yet, its FwD P/S is 3 (NTM)

By the end of 2025, I expect the stock price to be $100 to $150 or PS of 9 to 13.7."
HIMS,Positive,"If you have at least 10 years experience owning $TSLA you may want to thoroughly research $HIMS which has a market cap of $7B. Now if $GRAB can just go up 5% today I‚Äôll have one of my best days on the stock market ever .
$NIO $XPEV $GRAB $HIMS $SOFI $LCID $BABA $HIMS 15 Analysts have determined that $HIMS Fair Value is $126.58
75.1% undervalued.
Based on the Discounted Cash Flow Model, which I believe to be the most accurate. $HIMS marketing is unbeatable.
Was watching The Iced Coffee Hour podcast and they paused to do a promo for $HIMS hair loss treatments.
This podcast episode has 540k views in 4 days.
I love this company and can‚Äôt wait to continue following their insane growth story. Just uploaded a new YouTube video on $HIMS
This is probably the most extensive video I've made on $HIMS, so if you liked it, please do me a huge favor and like and repost it.
If you prefer to watch it on YouTube, here's the link: https://youtu.be/R_ysmlUPNIw $HIMS opportunity for next week $HIMS is the most undervalued stock in the U.S stock market currently but this won‚Äôt last long.
Analysts have a fair value set for $HIMS at $126 with the majority of them agreeing that HIMS is undervalued.
$150+ incoming for $HIMS very soon.
Mark my words‚Ä¶ Excellent
$HIMS $HIMS Protect Your Gains
Our PINK candles are simple and actionable. It's a no brainer and anxiety-free. $HIMS can easily hit $100 by the end of the year. $HIMS is a $100 stock.
At $33 it‚Äôs free money. Another day to add $HIMS to your portfolio while it's under $35/share. 
We used to pray for times like this. Probably the most epic call out so far.

And yes, $HIMS hit $69 this day.

I don‚Äôt make the rules, I just like the stock. These are high-potential disruptors in various sectors ‚Äî tech, biotech, AI, sustainability, and consumer.

10 SMALL-CAP & MID-CAP STOCKS WORTH WATCHING UNDER $10B 

$HIMS | Hims & Hers Health
$DUOL | Duolingo
$RXRX | Recursion Pharmaceuticals

$BIRD | Allbirds"
INDI,Negative,"You're not ready anon.... 
$INDI $S $INDI indie Semi. wth a golden opportunity here at a double bottom. https://seekingalpha.com/article/4761384-indie-semiconductor-golden-opportunity‚Ä¶"
INDI,Neutral,"$INDI Change your heart anon...
$INDI
$GDAY
$TEED
$LOLA
$WUPIUPI
$HAL How to MemeFi your $INDI on 
@MetropolisDEX
 

Currently at 287% APR | Start Earning Now! 

$S $INDI $METRO"
INDI,Positive,"The $INDI community is creating something incredible and I am increasingly inspired by it. 
It goes beyond this cycle or playing pumps. 
Remember, some of what we are surrounded by is actually going to change things forever."
LYFT,Neutral,"#FastMoneyEspresso
FINAL CALLS:
Guy Adami ‚Äî> buy $C
Karen Federman ‚Äî> buy $OIH
Dan Nathan ‚Äî> buy $LYFT, a takeout candidate
Steve Grasso ‚Äî> buy $IBM $DIS $FUBO 
$BX $NVDA $GOOGL $UPS $DIS $ELF $UBER $CMG $S $DNOW $LYFT $RUM $ESOA $SNAP $CLF $APLD $F $NNOX $PSQH $COTY $LYFT Buy recommendation from The Information 
Investors Should Buy the Dip, Ride the Lyft
https://theinformation.com/articles/investors-should-buy-the-dip-ride-the-lyft?utm_source=slack&utm_medium=backchannel&utm_campaign=article_notification&utm_content=article-14634&rc=1tqt8x‚Ä¶ $LYFT
Lyft, ya≈ülƒ±lar i√ßin basitle≈ütirilmi≈ü ara√ß payla≈üƒ±m uygulamasƒ± geli≈ütirdiƒüini a√ßƒ±kladƒ± I started to accumulate #lyft stock $LYFT. I think it's time and it can double in a couple of weeks. ùêâùêîùêíùêì ùêàùêç: Waymo and $UBER Uber Launch Robotaxi Service in Austin for Seamless Autonomous Rides 
$TSLA $LYFT $GOOGL $BIDU $PONY $WRD"
LYFT,Positive,"Former $LYFT exec: ""Everyone's just like, 'Jesus Christ, sell this company. Please let this company get sold.' ... I just don't think it's a case of a company that can continue to exist on its own on a long-term basis."" $LYFT
""Investors Should Buy the Dip, Ride the Lyft"" - The Information
https://theinformation.com/articles/investors-should-buy-the-dip-ride-the-lyft‚Ä¶
Lyft (LYFT) and Uber have finally become profitable. For every ride hailed on Lyft (LYFT), the company now earns 2.4% before interest, taxes, depreciation and amortization, whereas it $UBER Uber Expands Grocery Delivery, Adds FreshDirect to Uber Eats for First-Time  Third-Party Access $LYFT $LYFT - Lyft: Deep Value In Ride Share With GAAP Profitability. https://seekingalpha.com/article/4767768-lyft-deep-value-in-ride-share-with-gaap-profitability?source=feed_f&utm_campaign=twitter_automated&utm_content=article&utm_medium=social&utm_source=twitter_automated‚Ä¶ #markets #business #stockmarket"
PDD,Negative,"China's consumer inflation dropped into negative territory in February, marking the first decline in 13 months. $BABA $PDD $FUTU Can‚Äôt believe 
@MartinShkreli
 cloned my $PDD trade
Unbelievable. 
Shoulda gotten a finders fee for that shit When markets have been selling off but you‚Äôre overweight China stocks from the local bottom $BABA $PDD $XPEV $KWEB $FXI You are not prepared for what is to come. $PDD"
PDD,Neutral,"Here's the only video update you need for the Chinese stock market. I made +51% on Alibaba and looking for more in the future.
I tell you exactly when to buy moving forward:  
$PDD - PinDuoDuo (TEMU)
$HSI - Hang Seng Index 
$BABA - Alibaba 
$BIDU - Baidu 
$NIO - Nio Why I'll never sell a single stock of $PDD until it hits >$1k 
This is a 10 bagger boys New shorts $GILD & $MCD, $BABA & $PDD Waiting for $PDD Q4 earnings, knowing it‚Äôll be a double beat (while the rest of the market is imploding): The Tepper Trade on China e-commerce
If tariffs stick:
(1) Everything gets expensive -> consumers downshift spending to $TEMU ( $PDD rips )
(2) China drops QE to negate tariff impact on GDP -> EVERYTHING rips
If tariffs come off (eg trade deal) -> EVERYTHING rips Just gonna put this here from Goldman Sachs.... 
$PDD I‚Äôve said it before 

I‚Äôll say it again

$PDD is going to be the #1 highest performing stock in the entire Nasdaq 100 $PDD needs to go higher If $PDD rises 30% I‚Äôm a millionaire

If $PDD drops 30% I start getting liquidated 

Such is the duality of man I guess"
PDD,Positive,"$PDD VS $BABA
One is growing. NFA. No idea if this is good
But looks bullish lol $PDD FINALLY SOMEONE AGREES WITH ME
CHRIST the whole of Fintwit are degens buying $BABA > $PDD HERE ARE 5 UNDERVALUED STOCKS OF MY PORTFOLIO 
Links to my valuation models are in the comments 
1) $PDD 
Price: $123
Fair Value: $182
Potential Upside: +48%
2) $META 
Price: $608
Fair Value: $724
Potential Upside: +19%
3) $PDD doesn't give a FUCK about appeasing wall street.
GOAT tier company. 
Fuck the sell side lmfao. 
""Is $PDD bigger than $AMZN? Is it bigger than $AMZN + $WMT? Or, is it bigger than the entire Italian economy?"" $PDD 
2025 Revenue growth: 25%.
2025 FCF margins: 35%.
2025 EV/Revenue: 1.8x.
2025 EV/EBITDA: 6.3x. Day 33 of going all in on $PDD

Next week is undoubtedly the biggest week of my life. 

I‚Äôm either going to become a millionaire at age 27. 

Or I‚Äôm headed for the dumpsters behind Wendy‚Äôs. Lol. Me in exactly one week when $PDD reports earnings lol"
RCAT,Negative,"$ZENA ZenaDrone is conducting field testing on Quantum-powered drone swarms for perimeter security, border patrol, & disaster response applications.
$UMAC $RCAT $UAVS $BA $TSLA $SPY $QQQ Is this your ultimate spot to drop by and stack up on $RCAT? 
You're in the right place! But yk, there‚Äôs always more than one right place! $RCAT
Pain as of late. Will always #HODL $RCAT stopped the rest flat....now I will trade the reaction $RCAT complete shambles since breaking this lower green line last week.  Reason you should have some basic technical analysis knowledge.   Obviously anything growthy sucked in that time as well.  Still gaps in the $5s and $4s if correction in growth continues.
Investor day x.com/fundmyfund/sta‚Ä¶ Extreme Fear is back and the Crypto Fear and Greed Index sits at 15.
Historically, this can mean an opportunity for the bold.
Our AI trading Agent detects these shifts and uses disciplined risk management to capitalize on volatility. $RCAT $RCAT GREEN 3 out 4 days,  not too shabby. lol fraudco, $RCAT announcing itself as ""winner"" of a DIU drone refresh.
Bit misleading when you consider the 22 other 'winners' also selected. $RCAT sold half 7.10.   Mental/hard stop rest entry 6.85 into this analyst day starts 11 am Red day for $RCAT not good."
RCAT,Neutral,"I added substantially to $UMAC today. There‚Äôs too much going on between DJTjr $RCAT NASA DoD and earnings‚Ä¶ in my view we are due for a move markedly higher. $RCAT $AISP $LNZA --- Silver could hit $250 per oz.  
$BLDP  $BABA $NTES $NIO $GLD $RGTI $IONQ $EWTX $CIFR $WULF $SOUN $TSLA $GOOG $AUR $BMA $ASAN $AGIO $BBAR $BTDR $RGTI $QBTS $QUBT $IONQ $UAVS $CAN $RCAT $DELL $ANET $PSLV $APGE $DJTWW $AEIS $LW $CRWD $LGND $FOLD $PLUG $RCAT 
Bulls need a bounce back to the volume shelf (POC) $RCAT Red Cat Holdings, Inc. $RCAT is trending on Reddit https://hedgesocial.com/stock/RCAT Me trying to make a living from the stock market right now. $PLTR $RKLB $SPY $TSLA $TSLL $HOOD $CALM $RCAT $TLT Quantics 
Massive squeeze this week 
$IONQ $QBTS $QMCO $RGTI $RR $RCAT $QUBT $ZENA ZenaTech‚Äôs proprietary encryption-secured communications system aims to prevent jamming & hacking in military drone operations.
$UMAC $RCAT $UAVS $BA $TSLA $SPY $QQQ $RCAT has run down into this due to DOGE etc. I expect CEOo to be bullish That fact that $RCAT CEO, the most pumpy off CEO's I have ever seen, cannot get his stock up tells me everything I need to know. Suddenly all the shitco pumpers got real quiet
$KULR $RR $RCAT $QBTS $RGTI $QUBT 1/6 of 2025 has flown by 
Still grinding toward that goal of 2,025x $RCAT? $RCAT LRP Contract finalization will be released in March Liquidated again?
Time for $RCAT Peacock  fund:
- 3/2025:
Longs:
$ALLT, $ARM, $AMZN, $AVGO, $AXON, $AXSM, $BEAM, $BYRN, $COST, $CRWD, $DDOG, $GOOG, $HOOD, $MELI, $META, $MNDY, $NBIS, $NET, $NFLX, $NU, $NVDA, $PLTR, $RCAT, $RKLB, $TEM, $TMDX, $TSLA, $VRTX, $ZS
- shorts: RED CAT $RCAT initiated at 'Outperform' at Needham, with a $13 price-target, implying +170% upside „Åì„Åì„Åö„Å£„Å®„Çà„Çè„Çà„Çè„Å™ $RCAT „Åè„Çì„ÅåÈ†ëÂºµ„Å£„Å¶„Çã„ÅÆ„ÅåÂäπ„ÅÑ„Å¶„Åæ„Åô„Çè $RCAT 13 price target. $ZENA ZenaTech is working with Native American groups to deploy drones & Quantum Computing for wildfire tracking & land management across vast tribal territories.
$UMAC $RCAT $UAVS $BA $TSLA $SPY $QQQ $IONQ hear me out 
$SPY $QUBT $QBTS $RCAT $QMCO ËøáÂéª 24 Â∞èÊó∂ÔºåÂ∑ùÊôÆÊ≤°ÊúâÊä°Ëµ∑Êñ∞ÁöÑÂÖ≥Á®éÂ§ßÊ£íÔºåÁæéËÇ°Âº∫ÂäøÂèçÂºπ‰∏ÄËß¶Âç≥Âèë„ÄÇ
ÈáèÂ≠êËÆ°ÁÆó #Quantum $QUBT Â§ßÊ∂®29%Ôºõ#Rigetti $RGTI Â§ßÊ∂®28%Ôºõ $OKLO Â§ßÊ∂®15%‰ª•‰∏äÔºõRed Cat $RCAT Â§ßÊ∂®15%‰ª•‰∏ä„ÄÇ
Crypto Just keep spinning, for $RCAT $NOC $TDY $AVAV $KTOS $RCAT $UMAC $ONDS $ZENA $MTEK $DPRO $MOB $PRZO

G√ñKY√úZ√úN√úN YENƒ∞ SAHƒ∞PLERƒ∞: DRONE'lar

ABD Borsalarƒ±nda i≈ülem g√∂ren drone firmalarƒ±nƒ± incelediƒüim yeni yayƒ±nƒ±ma a≈üaƒüƒ±daki linkten ula≈üabilirsiniz $RCAT x $PLTR $RCAT 900k
X : https://x.com/replicatsai?s=21&t=_5gUlVL8sxPomMk4oAL_IQ‚Ä¶

-They are a team, a company, an organization 

-They regularly have face-to-face meetings.
 - They update products constantly.

- and they are real AI engineers For every $RCAT drones there will be  $PLTR inside. Palantir is now becoming the new gunpowder for the west. $RCAT $UMAC
Red Cat, Unusual Machines'den √º√ß √ße≈üit drone motoru tedarik edecek. B√∂ylelikle Red Cat, Unusual Machines'den motor tedarik eden ilk ABD merkezli drone √ºreticisi oldu

Unusual Machines y√∂netim kurulana Trump ƒ±n oƒülunun neden atandƒ±ƒüƒ±nƒ± anlatmƒ±≈ütƒ±m Many drone companies to choose from but, we are spotlighting $ZENA!

$ZENA is the spotlight drone company and by far the company putting out the most news weekly!

I think $ZENA has put out more news than the other drone companies combined $UAVS $UMAC $RCAT $DPRO.

Details: $RCAT

Drillin. However, when drone legislation enters the white house these names could turn around. $RCAT just need another factory, we need it fast and we need it now. $RCAT x $PLTR"
RCAT,Positive,"$ZENA ZenaTech‚Äôs drones support BVLOS (Beyond Visual Line of Sight) operations, enabling extended-range missions for defense surveillance & cargo delivery.
$UMAC $RCAT $UAVS $BA $TSLA $SPY $QQQ Don't miss out on the insights you need to win the day! 
$SPY $QQQ $BTC $MSTR $NVDA $PLTR $AMZN $ASTS $PBI $TSLA $HOOD $HIMS $CELH $RCAT $ABNB $AVGO $TSSI $NBIS $HOOD $AEHR $ACHR $UVXY $XYZ $AAPL $ZIM $VKTX $ARBE $GRRR $BBW $ECOR $ZVRA $MOS Top gainers AI agent on Base last 24h
$WIRE 
@717CapitalAI
$ECHO 
@0xEchoLeaks
$STATE 
@State_Of_Mika
$CYI 
@CYI_agent
$AIRENE 
@airene_asianmom
$POLLO 
@pollodotlol
$RCAT 
@Replicatsai
$MISATO 
@Misato_virtuals $RCAT RCAT‚Äôs legal team emphasized the huge opportunity it also has in the drone market now as DJI is banned. The US was spending 1B on DJI. Now they will be spending the same, if not more, on American drones and they gotta do it fast to catch up. Wall Street Traders calls $ZENA The only drone company worth watching!
  $ZENA 
$RCAT $UMAC $UAVS $DPRO 
 https://investingtoday.co/%f0%9f%9a%80-spotlight-on-zena-one-of-the-top-drone-companies-to-watch/‚Ä¶ Best performing Base AI Agents last 24H! 
 
$FREYA 
@Freya_Starfall
$MAICRO 
@maicrotrader
$MUSIC 
@MusicByVirtuals
$CPA 
@CPAxbt
$EYE 
@EyeFutureAI
$RCAT 
@Replicatsai
$1000X 
@1000xAgent
$ACOLYT 
@AcolytAI $ZENA ZenaTech‚Äôs IQ Square drone is tailored for infrastructure inspection & defense surveillance, offering autonomous capabilities & retractable landing gear.
$UMAC $RCAT $UAVS $BA $TSLA $SPY $QQQ Bag of $RCAT secured $RCAT had 700 contracts in total OI for 6C and 6.5C March coming into today.  That number just spiked by an added 1500 call contracts  in the past 15 min. 
FYI.  They're coming. $UMAC ‚Ä¶ a lot to be eagerly excited about ‚Ä¶ the critical integration of AMERICAN made drone hardware and software with AloftAI acquisition, deliveries to $RCAT beginning this month, telling images as per below with 
@DonaldJTrumpJr
 ‚Ä¶ contrary to belief - he‚Äôs NOT a figurehead $RGTI $IONQ $PDYN $RCAT $SOUN .. so many oversolds bouncing huge today. A lot of shenanigans and tomfoolery out there today in names with catalysts that should take these names markedly higher - shaking and baking for some shares ‚Ä¶ $CORZ $ACHR $RCAT ‚Ä¶ $ZENA ZenaTech‚Äôs Spider Vision Sensors is developing multi-spectral, thermal, & AI-enhanced camera systems to meet the rising demand for defense UAV surveillance.
$UMAC $RCAT $UAVS $BA $TSLA $SPY $QQQ $RCAT Awaiting Buy signal based on 6 trades. #trading #crypto #forex #investing  Free trial at http://UltraAlgo.com $ZENA ZenaTech has acquired multiple US land survey companies, integrating drone solutions to modernize the $10.3B surveying & mapping services industry.
$UMAC $RCAT $UAVS $BA $TSLA $SPY $QQQ $KTOS Strong bounce of the 200 SMA, but most importantly, the whole Aerospace & Defense sector has been strong during this market sell off.
$ERJ, $DRS, $RCAT, $SARO Scan 
The best trade ideas today 
$SUNE $QBTS $PRPL $GRRR $RBRK $AIFF $QUBT $MRM $RGTI $CDLX $ACON $LAES $RCAT $AKBA $RCAT lots of fleas on this dog BUT not making new lows in the past week after being down I believe 19289309019201 of the last 201029102910 sessions. 
Step 1 is not going down with the market.  Maybe that happened in the past week.
If this range can hold perhaps we have Cant lie the chart looks interesting. Time to take a look at it tonight along with the fundamentals
$RCAT $RCAT Ok that makes more sense now. Still doesn't change my mind though. Still like the stock.... Red Cat Investor Day - great breakdown on the future of drone warfare addressing governmental budget concerns, advances in electronic warfare (EW), and their partnership with Palantir. $RCAT $PLTR Be sure to catch the comments on Ocean Pacific Tech $OPTT and drone swarming $RCAT Jeff 
@dronazon
 responded to me direct, not expected or necessary, but appreciated nonetheless. Looking forward to tomorrow‚Äôs presentation even if it‚Äôs remote. The future of defense is unmanned & vertical!
Here are 7 standout companies shaping the drone & vertical lift industry:
$ACHR (eVTOLs)
$JOBY (Urban Air Mobility)
$RKLB (Space & Defense)
$SMR (Advanced Reactor Tech)
$RCAT (Commercial Drones)
$PLTR (AI & Defense Analytics) Hard Power, soft belief and the future of the west. AI in military is vital for the west. 
Software: $PLTR
Enabler/Link: $OSS $MRCY
Hardware: Andurill $RTX $AVAV $RCAT $GD $NOC $LMT HD Hyundai Watching $RCAT for a huge bounce tomorrow
Can probably add $ACHR and $JOBY to that list too This Fibonacci fan popped up at 3:30AM last night $RCAT $RCAT Holy short drop!! I am still a fan of this stock.... $RCAT $4.99  (Red Cat Holdings) is soaring in the drone tech space!
 Defense-approved drones
 Public safety & enterprise solutions
 Strategic acquisitions fueling growth
 Positioned for the booming drone market.
300% upside and 40% downside from here? Top gainers AI agent on Base last 24h
$SAINT 
@SaintAI_Bot
$MAICRO 
@maicrotrader
$WIRE 
@717CapitalAI
$RCAT 
@Replicatsai
$CPA 
@CPAxbt
$AIDOGE 
@agentdoge007
$SEKOIA 
@sekoia_virtuals
$ACOLYT 
@AcolytAI $RCAT new 12.4M share owner
On February 13, 2025 - Waddell & Associates, Llc filed a 13F-HR form disclosing ownership of 12,423,587 shares of Red Cat Holdings, Inc. (US:RCAT) valued at $159,643,093 USD as of December 31, 2024. The current value of the position is $115,539,359 50/50 REVENUE SHARE $RCAT / $PLTR Seems like dark pools approved of $RCAT's Investor Day featuring $PLTR.. Drones Free From US Defense Budget Cuts: https://ow.ly/V7je50V8yox
This bodes well for certain manufacturers of unmanned aircraft systems & counter UAS solutions for military uses. 
$DRSHF $DRO.AX $UMAC $RCAT #dronestocks 
@RedCatHoldings
 @UnusualMachines
 @DroneShield $CPS $SPY $RCAT $HIMS $WBA $ATCH $UMAC $SCO $IEP $FANG jumped up as much as 4.13% today after we alerted the Director bought $73k 3 days ago. Sign up for Free to check it out. Bullish video about 
@Replicatsai
 . I‚Äôm an advisor but also genuinely believe it‚Äôs one of the more promising AI projects to keep in mind once mindshare returns to AI. $RCAT up 44% on the day. $RCAT long 6.85 for trade tomorrow into its analyst day.   It‚Äôs at 11 am and CEO is super pumpy $RCAT Added 5,000.  Now 50,000.

This is the second time I‚Äôve had 50,000 shares. Best performing group in next 18 months:
$OSCR $YOU $XMTR $LQDT
$ASTS $BBAI $GRRR $RCAT
$NBIS $TEM $CRDO $ALAB
$ASPN $OUST $TMDX $AFRM $RCAT 

Similar to $UMAC , MACD and RSI moving positive. Bounce incoming?"
TMDX,Neutral,You should be buying $TMDX instead of $BLDE. $TMDX I wonder how come street is not seeing this!!  19% more flights than Q4!! #MarchMadness $TMDX
TMDX,Positive,"I agree with you, $TMDX deserves a much higher valuation! 10 bold predictions for this year:
1) The market will realise how undervalued and cheap $TMDX is and $TMDX will rise to $130.
2) Investors will see how cheap $GOOGL is and $GOOGL will hit $260.
3) $HIMS continues to beat expectations and crosses $100.
4) $ASML continues to $TMDX #TMDX 
held at the EMA50-55 averages within the fair value gap zone. Its major cycle is complete. Now, it‚Äôs about to start a new cycle. For a reversal, it first needs to close above $91, then a monthly close above $107. The next steps should be evaluated after. $TMDX March madness continues!! With very strong DCD Liver data released yesterday which is 8% up MoM we are set for monster March!!  x.com/ManthanTweets1‚Ä¶"
WRBY,Negative,"$WRBY
-Citi raises Warby Parker price target to $23 from $19
Neutral
-
$WU
-Morgan Stanley lowers Western Union target to $9 from $10
Underweight
-
$XYL
-Baird raises Xylem target to $148 from $139
Outperform
- $WRBY ‚Äî Tariff Risk + 160% EPS Miss
Last Qtr 
@WarbyParker
 missed in EPS by a mile yet CEO talked a big game and  ‚Üë guidance
Yet $WRBY sources and manufactures a large % of their goods out of China
$WRBY RETURNS
Since last print: ‚Üë40%
1 Yr: ‚Üë115%
PS
P/E: 70X
EV/EBITDA: -48 $WDC
-Cantor reiterates Western Digital $95 price target
Overweight
-Barclays lowers target to $80 from $90
Overweight
-
$WRBY
-Evercore downgrades Warby Parker to In-Line from Outperform
$23 target
- Best Idea Long $WRBY caught an old wall downgrade today... Cut the rating from neutral to sell, but raised the PT from $19 to $23 and cited ""valuation""... Yet they admitted that their 4Q estimate and 1Q25 expected guide are both above consensus... make it make sense."
WRBY,Neutral,"Andy's TI Trader Eye - Swing Setups  1/24...   $BABA  $ASAN  $ANGO  $WRBY  $TCOM  $ACHR  $MESO  $AI Lots of stage-1 breakouts in late Q3 early Q4 2024 that have traded sideways over the last few weeks are beginning to rebreak out
Find them and own them $WRBY example $WRBY I need some new glasses 
$WRBY $WRBY Telsey Advisory Group Maintains Outperform on Warby Parker, Maintains $28 Price Target $WMT
-DZ Bank upgrades Walmart to Buy from Hold
$110 price target
-
$WRBY
-Roth initiates Warby Parker coverage at Neutral
$26 target
-
$WVE
-Jefferies initiates Wave Life Sciences coverage at Buy
$26 target
- $WRBY  trying to consolidate here.. Upgrades 2/5: $CAH $ENPH $HAYW $HOG $JHG $MAT $MRCY $NXPI $PNR $REGN $SLAB $SPG $SSRM $TAP $TPX $WPM 
.
Downgrades 2/5: $AEO $AMD $AZPN $EG $FHI $FMC $HLT $MKS $MTG $RACE $SNAP $SPOT $STM $TSBX $VSCO $WRBY $WRBY (+13.3% pre) Warby Parker‚Äôs (NYSE:WRBY) Q4 Sales Beat Estimates, Stock Soars
https://ooc.bz/l/57883 Warby Parker Announces Fourth Quarter and Full Year 2024 Results  $WRBY $WRBY doing leadership things Find our latest ""What's Trending"" article covering:
$HIMS, $WRBY, $NFLX, $AMD, $HOOD, $COIN, $CRSR, $C, $FDX

https://blog.tickertrends.io/p/whats-trending-with-tickertrends-4c9‚Ä¶ Warby Parker‚Äôs earnings and new Target partnership have Wall Street seeing green - Sherwood News
$WRBY $TGT $WRBY - Warby Parker: Target Partnership Aims Further Store Potential. https://seekingalpha.com/article/4765666-warby-parker-target-partnership-aims-further-store-potential?source=feed_f&utm_campaign=twitter_automated&utm_content=article&utm_medium=social&utm_source=twitter_automated‚Ä¶ #economy #investing #business added up to half size on WRBY"
WRBY,Positive,"$WRBY really like this setup on daily tho it looks extended. But weekly looks like its going for 30+ regardless You'll really enjoy this gem of an episode with Peter Fader and Mike Linton. It goes through the work that we did on CLV and CBCV at $WRBY.
This work frustrated almost everyone. On the one hand we through Theta were constructive on their unit economics. On the other, we could $WRBY weekly
I've been stopped out of this 2x now but I'm keeping my eye on it. You can clearly see 3 higher lows and the trend is subtly starting to take shape. I went into a $WRBY this morning because a friend of mine is interested in investing. We walked in and talked to an employee who said business is very good and people come into a $WRBY with purpose. They are selling glasses from $95-$175 and had over 400 styles available. $WRBY trading at 600x 2025 EBIT.  Please. $WRBY check out our latest article on Warby Parker and the growing eye care market...
https://blog.tickertrends.io/p/wrby-warby-parker-unlocking-growth‚Ä¶ $WRBY Citi downgrades Warby Parker to sell from neutral Citi says the stock is overvalued. ‚ÄúWe are downgrading WRBY from Neutral to Sell. While we expect a strong 4Q24 with sales +16.5% vs cons +15.6%, the stock has risen 50% over the past 3 months to a level we believe is $WRBY ‚Äì Daily ‚Äì Bull flag with a strong daily trend in place. Looking for breaks of the resistance trend line to get a move higher towards 30.15. Interested as long as the daily 50 SMA (blue) and prior resistance now support holds at 24.5. Lol stopped out of $WRBY 2x and said I was keeping my eye on it... which I clearly didn't because it immediately went up 60% after this post without me.
3rd time would have been the charm  ¬Ø\_(„ÉÑ)_/¬Ø $WRBY recovered and looks to be breaking out of this expanding megaphone pattern, which is bullish if it breaks to the upside supposedly. Hopefully this has bottomed and it's on the way to 30. I'm at breakeven now after surviving that pullback WRBY pulling back with the market on Friday but found ema support which it has been respecting. Wouldnt be a lower low to break the daily uptrend until 23.27, another -7%. Holding this for now unless I find a better setup. Prolly should stick to tiny trades til SPX rights itself $WRBY 
@hedgeyeretailRW
 covered 4Q24 earnings on The Call this morning.  Signal Strength Long for 108 days 
@Hedgeye
 @KeithMcCullough
  @HedgeyeRetail Keep an eye on $TGT today with $WRBY deal, Champion partnership and earnings coming next week. $WRBY relative strength. Top of the watchlist. $WRBY strong move off initial shakeout to the 21 day. $WRBY back to breakeven for the 3rd time. Looks like a real breakout this time. Will scale down to runners at 30 $WRBY shake out to the 21. Dont love increase in volume but hasnt done anything wrong."
